,Attribute2,Attribute3,Attribute4,Attribute5,Attribute6,Attribute7,Attribute9,Attribute11,Attribute12,Attribute15,Y
663,13,23.7,32.7,91.0,10.6,6.3,33.0,15.0,65.0,31.4,1
610,8,23.2,30.0,0.8,8.6,7.1,33.0,24.0,58.0,29.0,1
89,12,14.7,18.6,3.2,3.4,1.6,43.0,20.0,98.0,15.0,1
350,33,5.4,11.4,23.0,2.2,5.5,74.0,43.0,65.0,10.3,1
343,7,14.4,19.5,0.0,3.6,0.0,17.0,0.0,77.0,17.6,1
1387,32,15.2,18.7,7.4,5.4,1.9,59.0,33.0,69.0,17.4,1
924,32,11.4,16.6,26.8,3.0,2.9,74.0,41.0,82.0,14.8,1
515,27,15.1,22.5,0.0,2.8,6.5,35.0,17.0,68.0,20.3,1
637,8,25.3,32.4,0.0,5.8,8.7,48.0,17.0,73.0,30.8,1
569,15,11.9,20.2,0.2,4.8,6.3,109.0,33.0,67.0,12.0,1
899,27,13.2,19.0,40.6,4.2,0.8,46.0,20.0,87.0,16.5,1
1448,37,8.8,15.5,54.6,2.6,0.0,56.0,17.0,85.0,14.2,1
1433,18,10.2,17.9,3.4,6.4,8.0,43.0,20.0,48.0,17.3,1
1276,37,17.7,21.8,29.8,4.4,0.0,44.0,2.0,90.0,17.7,1
958,13,24.1,34.6,2.8,6.0,9.5,50.0,17.0,48.0,33.8,1
314,38,14.5,18.0,3.0,2.8,0.0,37.0,9.0,82.0,16.7,1
1229,33,6.0,12.8,4.2,1.0,7.4,46.0,26.0,71.0,11.9,1
848,35,8.8,19.6,1.2,0.4,2.8,15.0,9.0,89.0,18.7,1
669,22,15.9,34.8,0.0,9.4,8.7,76.0,39.0,14.0,32.9,1
212,8,20.8,25.2,54.8,6.8,0.0,41.0,19.0,93.0,21.8,1
1011,20,17.4,21.0,3.2,2.8,0.2,22.0,9.0,95.0,19.4,1
557,12,3.8,14.1,6.0,0.6,7.5,37.0,19.0,77.0,13.4,1
1144,31,19.7,31.9,9.6,8.6,4.8,46.0,9.0,90.0,22.6,1
867,38,7.7,14.7,56.8,0.4,0.2,50.0,20.0,94.0,12.3,1
548,18,8.9,14.2,1.8,3.8,2.6,50.0,22.0,59.0,13.4,1
1392,38,18.7,19.3,0.0,11.8,2.4,50.0,20.0,77.0,15.3,1
730,38,7.8,19.4,0.0,1.8,2.4,54.0,28.0,61.0,18.6,1
964,31,14.5,23.2,10.2,4.4,11.1,44.0,17.0,54.0,22.1,1
77,9,14.5,28.6,0.0,2.4,9.1,52.0,24.0,39.0,27.2,1
1332,7,17.4,21.6,48.6,3.2,0.0,41.0,6.0,88.0,21.0,1
661,8,22.8,31.1,0.0,7.0,8.2,26.0,17.0,70.0,30.6,1
865,35,9.1,13.5,40.6,1.4,1.4,35.0,22.0,73.0,12.2,1
756,31,13.0,21.4,1.2,4.2,3.1,65.0,20.0,90.0,16.7,1
895,0,13.2,15.5,1.4,1.6,1.1,31.0,11.0,72.0,14.1,1
1279,37,17.1,23.0,1.8,8.8,5.7,59.0,28.0,47.0,22.3,1
1326,31,12.4,18.6,18.0,2.0,8.1,44.0,24.0,63.0,17.1,1
386,20,6.2,20.3,0.0,3.2,8.1,33.0,19.0,52.0,18.8,1
873,15,11.7,18.3,0.0,1.8,5.6,98.0,41.0,40.0,16.6,1
524,12,9.9,15.7,0.8,1.6,4.1,35.0,15.0,71.0,14.8,1
192,19,6.6,13.8,7.2,3.0,6.0,72.0,39.0,80.0,8.8,1
583,32,12.0,19.0,3.6,3.0,3.6,57.0,22.0,79.0,15.6,1
646,13,26.0,33.4,0.0,5.2,10.4,33.0,26.0,65.0,32.4,1
460,12,16.5,20.4,0.0,11.4,0.3,39.0,24.0,81.0,18.8,1
1136,42,17.9,25.9,22.8,2.0,1.7,46.0,20.0,72.0,22.3,1
1043,15,6.6,12.9,2.8,0.4,3.3,46.0,13.0,83.0,10.4,1
894,31,13.6,22.5,0.8,3.4,6.8,43.0,19.0,65.0,21.5,1
347,12,9.5,16.9,0.4,0.4,4.8,43.0,22.0,71.0,16.3,1
1255,31,15.5,22.1,1.0,6.6,5.8,35.0,15.0,56.0,20.1,1
888,0,12.1,13.9,2.0,1.4,1.6,61.0,24.0,63.0,13.7,1
884,7,12.4,22.2,0.4,3.2,7.0,20.0,7.0,65.0,21.0,1
1035,27,14.1,18.7,13.4,2.2,4.1,26.0,13.0,85.0,17.8,1
511,37,17.8,27.7,0.0,6.6,9.2,41.0,17.0,61.0,26.0,1
65,9,13.0,27.6,0.0,3.0,6.7,50.0,22.0,41.0,25.6,1
112,11,17.5,21.5,3.6,2.6,0.7,48.0,20.0,60.0,20.1,1
43,27,23.7,25.4,0.6,4.8,0.1,56.0,22.0,94.0,24.1,1
401,22,2.5,20.2,0.0,0.6,7.8,74.0,39.0,62.0,15.0,1
561,33,10.3,22.6,0.0,0.8,8.0,46.0,19.0,48.0,21.6,1
1446,19,4.9,17.5,0.0,1.4,2.7,37.0,19.0,55.0,16.0,1
844,38,10.9,18.0,0.2,3.2,7.1,50.0,30.0,67.0,17.5,1
927,32,11.6,21.3,1.0,2.4,5.5,61.0,17.0,90.0,16.7,1
431,44,19.1,23.5,11.2,10.0,0.3,37.0,13.0,94.0,18.8,1
802,15,17.5,18.2,0.4,2.0,0.0,31.0,17.0,83.0,17.2,1
346,19,4.1,11.7,0.0,2.0,0.1,15.0,9.0,73.0,11.6,1
538,8,19.6,25.7,58.4,3.6,4.0,44.0,24.0,73.0,24.3,1
1364,18,15.3,16.4,0.2,7.2,0.8,59.0,11.0,85.0,10.3,1
372,22,3.6,10.9,14.6,0.4,3.9,65.0,24.0,78.0,9.8,1
1270,15,13.5,24.1,0.0,7.4,2.3,37.0,17.0,84.0,19.1,1
1073,22,1.4,12.0,1.4,1.4,3.5,43.0,17.0,82.0,9.9,1
409,7,18.5,25.3,0.0,3.0,0.0,41.0,11.0,81.0,22.3,1
721,44,6.6,10.4,12.2,2.8,0.0,44.0,4.0,99.0,9.2,1
615,18,18.4,34.7,0.0,6.8,1.6,70.0,22.0,15.0,33.9,1
1281,13,24.1,30.4,0.0,6.0,3.1,48.0,19.0,91.0,24.8,1
607,37,19.1,22.1,0.0,10.0,1.1,65.0,22.0,73.0,20.7,1
722,7,11.9,15.1,27.2,2.0,0.0,37.0,4.0,98.0,14.3,1
1107,22,8.9,14.4,3.8,10.2,10.4,83.0,44.0,48.0,13.6,1
597,0,19.2,22.0,0.0,6.4,2.8,70.0,9.0,81.0,17.3,1
917,32,11.3,20.1,6.4,1.4,5.9,59.0,30.0,74.0,18.4,1
728,8,19.8,24.7,0.6,3.4,0.3,44.0,22.0,71.0,23.2,1
800,11,19.0,25.9,36.0,1.8,1.2,41.0,22.0,69.0,24.6,1
1395,37,15.3,25.2,0.0,7.4,8.4,46.0,26.0,55.0,23.3,1
1362,44,9.2,14.1,0.2,4.0,7.2,59.0,24.0,58.0,13.1,1
400,8,22.8,29.4,27.2,4.0,5.2,50.0,31.0,73.0,27.7,1
714,37,11.7,13.9,0.4,1.8,0.0,26.0,9.0,91.0,13.8,1
80,45,13.9,23.7,0.0,3.4,2.3,41.0,28.0,80.0,19.7,1
320,12,3.6,14.2,5.6,1.2,3.6,44.0,26.0,68.0,12.3,1
70,39,22.1,32.4,0.0,8.4,10.6,41.0,28.0,59.0,29.5,1
7,18,6.9,10.4,5.0,1.2,0.3,37.0,11.0,71.0,10.3,1
182,44,7.2,16.0,0.6,2.8,3.0,31.0,11.0,66.0,15.5,1
750,44,7.8,14.2,8.8,7.0,7.9,69.0,35.0,65.0,12.0,1
1149,13,24.8,31.4,10.0,4.6,5.5,41.0,17.0,82.0,28.0,1
275,8,23.5,31.2,15.6,7.4,7.6,56.0,31.0,59.0,29.9,1
534,28,7.1,15.8,0.6,2.6,7.1,76.0,39.0,56.0,15.7,1
967,15,8.0,16.3,1.6,6.0,10.3,57.0,26.0,33.0,14.8,1
167,12,7.5,16.3,6.0,3.0,5.4,65.0,37.0,64.0,16.1,1
836,45,10.0,21.4,0.0,3.0,1.9,19.0,2.0,64.0,20.2,1
158,31,6.7,19.9,0.0,3.0,5.6,20.0,4.0,52.0,19.6,1
675,7,20.7,27.9,4.4,3.8,7.1,37.0,15.0,65.0,27.1,1
1219,19,6.5,9.6,1.8,1.8,0.4,65.0,39.0,79.0,6.8,1
1308,27,20.5,26.8,0.6,6.4,6.5,52.0,31.0,78.0,24.4,1
815,13,25.0,30.9,1.8,0.8,4.0,39.0,13.0,89.0,26.5,1
353,44,8.3,12.9,0.0,1.2,0.1,35.0,15.0,64.0,12.0,1
1026,7,13.8,24.7,0.0,2.4,7.5,26.0,11.0,61.0,22.4,1
922,32,12.6,17.7,18.4,2.8,5.2,72.0,22.0,75.0,16.8,1
1287,42,20.3,26.0,0.4,7.8,0.6,26.0,2.0,91.0,21.8,1
1188,37,14.0,20.9,10.2,3.8,3.0,33.0,17.0,65.0,20.4,1
251,39,24.0,26.8,50.6,3.8,0.0,44.0,13.0,98.0,25.0,1
1204,32,13.7,19.2,0.4,3.6,1.2,54.0,26.0,50.0,19.1,1
601,13,23.6,32.4,3.4,4.4,10.6,30.0,19.0,75.0,29.5,1
1045,44,5.6,17.0,0.0,2.2,0.0,28.0,11.0,67.0,15.3,1
340,33,5.9,12.8,3.8,1.2,7.0,30.0,15.0,83.0,11.3,1
1380,37,13.6,22.1,3.4,5.2,2.1,41.0,15.0,75.0,16.3,1
1072,8,18.9,24.6,1.0,6.4,1.7,43.0,24.0,72.0,23.0,1
974,13,23.8,29.2,15.8,4.4,0.0,43.0,15.0,80.0,28.4,1
425,45,17.7,29.1,0.0,7.6,6.9,41.0,15.0,52.0,27.3,1
216,19,20.3,38.0,0.0,14.2,1.8,94.0,35.0,29.0,27.4,1
200,15,5.8,10.4,3.2,3.0,9.9,54.0,31.0,46.0,8.9,1
1168,27,21.5,25.2,0.0,5.4,7.6,56.0,28.0,80.0,23.2,1
1194,22,8.4,17.7,0.4,1.0,5.5,41.0,20.0,83.0,16.0,1
464,11,21.8,25.2,17.4,7.0,0.9,54.0,33.0,90.0,23.7,1
961,45,15.7,23.5,0.0,7.4,5.3,61.0,22.0,78.0,16.7,1
490,35,18.7,21.0,4.0,1.8,0.0,52.0,37.0,77.0,20.1,1
1171,19,9.0,16.9,0.0,2.6,0.0,61.0,33.0,93.0,13.9,1
12,31,8.7,18.5,0.0,3.2,1.0,30.0,15.0,51.0,16.9,1
1269,27,18.1,25.2,0.0,4.6,12.6,31.0,19.0,65.0,24.2,1
317,10,8.3,18.7,0.2,0.4,4.3,19.0,6.0,66.0,16.9,1
811,8,24.7,30.4,13.4,1.8,7.3,52.0,31.0,72.0,28.6,1
1405,37,17.4,19.1,8.2,8.8,0.0,46.0,15.0,81.0,17.7,1
716,28,0.2,15.5,0.0,1.4,7.4,46.0,28.0,54.0,14.0,1
33,13,23.8,31.7,24.2,6.6,3.1,44.0,13.0,85.0,27.5,1
1080,33,3.9,17.1,0.0,2.4,1.8,59.0,41.0,86.0,10.4,1
271,11,18.3,27.1,1.4,2.4,5.3,41.0,22.0,73.0,25.4,1
642,21,22.6,27.9,6.8,6.2,2.2,39.0,13.0,92.0,25.0,1
426,39,22.4,28.8,4.4,7.4,0.8,39.0,24.0,72.0,27.1,1
389,22,8.5,12.4,0.4,1.0,2.5,39.0,24.0,85.0,10.9,1
299,12,8.3,16.9,0.0,2.4,0.9,57.0,31.0,89.0,16.3,1
581,31,14.4,21.5,16.0,2.0,5.6,54.0,24.0,65.0,19.3,1
1089,15,6.8,13.3,5.0,1.8,7.3,46.0,17.0,75.0,9.2,1
1050,12,4.8,13.2,23.4,1.2,1.7,81.0,17.0,86.0,12.9,1
1067,32,7.0,17.5,0.8,0.8,3.7,39.0,17.0,87.0,14.6,1
134,33,10.8,15.5,0.0,2.6,0.4,69.0,28.0,90.0,10.3,1
856,7,16.3,22.0,0.2,0.0,1.5,26.0,13.0,83.0,21.3,1
193,22,5.2,12.4,6.6,2.8,5.9,74.0,37.0,72.0,10.0,1
1348,38,8.8,16.7,21.8,0.6,5.2,35.0,15.0,74.0,16.1,1
1241,32,11.1,21.9,2.4,3.2,7.4,56.0,26.0,65.0,20.8,1
1063,33,6.8,13.8,0.0,1.0,3.7,63.0,26.0,76.0,13.6,1
1358,28,10.4,12.2,5.8,2.4,0.2,43.0,19.0,74.0,11.0,1
792,8,21.8,32.8,0.0,6.6,10.4,31.0,20.0,64.0,31.2,1
1127,42,20.4,32.5,0.8,8.6,4.5,59.0,19.0,42.0,28.9,1
111,7,15.1,22.8,5.4,1.6,4.4,41.0,11.0,70.0,20.5,1
227,19,12.2,24.1,0.0,7.4,4.6,63.0,43.0,79.0,17.3,1
897,22,6.4,11.9,8.6,1.6,4.5,50.0,28.0,64.0,11.1,1
1328,31,10.5,19.6,8.6,3.8,6.9,39.0,15.0,56.0,19.4,1
1113,33,11.7,18.9,1.6,6.8,8.6,56.0,26.0,86.0,15.1,1
732,33,7.7,14.3,6.2,1.6,2.9,65.0,39.0,81.0,13.9,1
918,35,11.2,23.2,0.2,2.6,0.5,28.0,9.0,93.0,16.4,1
687,22,10.5,14.7,13.2,4.0,2.9,46.0,24.0,52.0,12.6,1
1239,48,9.3,22.3,0.0,5.8,6.4,26.0,7.0,33.0,21.1,1
334,38,10.2,17.0,2.4,0.4,3.5,50.0,35.0,84.0,14.0,1
331,44,4.8,10.0,0.4,4.0,0.8,57.0,24.0,67.0,9.8,1
1303,27,22.6,27.0,1.0,4.8,4.6,44.0,13.0,78.0,25.6,1
600,7,20.3,27.4,0.0,6.2,7.1,30.0,11.0,62.0,25.5,1
481,15,13.4,19.7,0.2,3.2,0.6,30.0,13.0,66.0,19.1,1
839,31,9.1,21.7,0.0,1.2,9.2,22.0,11.0,50.0,20.6,1
1333,28,9.3,14.2,4.6,3.6,4.0,35.0,20.0,68.0,14.0,1
957,18,10.0,14.7,20.0,3.6,0.0,48.0,26.0,85.0,12.5,1
947,38,14.5,23.1,0.0,6.0,9.1,41.0,20.0,47.0,20.6,1
753,32,15.7,26.0,0.0,8.0,10.7,69.0,33.0,59.0,22.9,1
965,33,10.3,20.8,0.0,4.8,8.9,48.0,13.0,74.0,17.6,1
1359,37,10.7,14.6,24.8,2.6,0.2,63.0,24.0,89.0,12.6,1
41,7,23.0,28.4,1.0,5.6,1.5,37.0,17.0,62.0,26.9,1
1108,27,14.8,18.8,19.6,5.4,0.9,41.0,26.0,68.0,18.3,1
940,37,17.5,35.0,0.0,6.6,10.8,80.0,46.0,10.0,34.2,1
1251,27,15.9,20.5,1.6,3.8,7.0,43.0,24.0,74.0,18.6,1
1169,28,6.4,14.0,9.2,5.6,5.0,63.0,39.0,66.0,10.8,1
283,8,22.0,26.7,20.4,1.0,0.0,35.0,13.0,80.0,25.1,1
1130,39,27.6,32.6,0.0,8.0,2.2,35.0,20.0,71.0,29.7,1
1173,31,17.6,24.5,3.2,1.0,0.0,24.0,11.0,91.0,21.2,1
318,11,14.4,21.7,0.0,2.4,6.5,43.0,28.0,53.0,21.2,1
26,13,26.1,33.2,0.0,4.4,7.7,31.0,19.0,61.0,32.1,1
596,27,13.8,19.9,0.0,4.8,7.6,54.0,28.0,83.0,18.4,1
1182,8,24.3,30.9,0.0,7.0,8.2,46.0,28.0,62.0,29.7,1
659,33,13.4,17.3,1.0,6.2,0.0,46.0,11.0,95.0,17.0,1
572,8,19.8,23.0,4.6,6.8,0.0,43.0,24.0,80.0,22.7,1
67,15,11.7,20.4,36.4,6.4,8.4,48.0,17.0,38.0,19.5,1
277,8,22.8,30.2,4.6,6.6,6.6,59.0,31.0,57.0,29.0,1
1336,7,14.3,23.0,2.0,3.2,7.1,28.0,13.0,56.0,21.8,1
169,15,4.9,13.2,10.6,2.6,5.5,67.0,30.0,76.0,10.3,1
1388,28,10.9,28.0,0.0,7.0,3.5,76.0,30.0,89.0,17.4,1
191,0,11.8,14.8,2.8,4.2,1.0,63.0,19.0,73.0,10.8,1
507,37,20.0,25.2,0.0,5.4,0.9,39.0,20.0,67.0,24.8,1
1008,37,15.3,22.4,16.0,4.2,3.3,39.0,9.0,63.0,21.1,1
50,15,10.4,16.8,33.0,9.6,2.3,74.0,22.0,87.0,14.3,1
1020,28,8.4,10.4,6.4,0.4,0.8,41.0,13.0,91.0,7.9,1
432,7,19.1,27.4,0.2,5.2,7.1,33.0,15.0,50.0,25.7,1
411,35,5.9,27.8,0.2,3.6,11.5,39.0,13.0,30.0,27.7,1
880,42,10.7,14.1,6.4,0.4,0.0,24.0,9.0,87.0,13.8,1
1048,12,10.2,15.3,8.0,0.4,4.0,28.0,7.0,100.0,14.5,1
701,33,9.4,16.6,2.4,0.4,4.5,50.0,31.0,74.0,15.1,1
651,44,20.9,25.3,7.2,11.4,0.0,46.0,9.0,96.0,24.3,1
219,0,16.6,32.0,0.0,7.4,9.1,35.0,13.0,29.0,30.8,1
520,18,13.4,18.3,3.4,1.6,2.0,50.0,24.0,85.0,13.9,1
13,18,12.5,16.8,0.0,8.4,4.9,102.0,33.0,61.0,11.5,1
1100,27,17.4,21.5,0.0,3.6,7.2,44.0,20.0,76.0,20.2,1
121,9,4.7,9.1,0.2,1.8,3.2,50.0,35.0,80.0,6.2,1
1190,28,11.6,15.8,2.2,2.8,2.5,65.0,30.0,76.0,15.3,1
1312,44,14.8,18.4,11.0,12.0,5.5,74.0,33.0,53.0,17.6,1
854,12,10.4,16.1,1.4,0.6,2.2,22.0,7.0,84.0,15.6,1
812,42,17.7,34.2,0.0,6.2,11.0,48.0,26.0,28.0,33.0,1
39,9,18.7,31.3,18.6,9.0,11.0,94.0,33.0,44.0,30.3,1
1157,22,11.6,26.8,0.0,6.6,7.8,56.0,35.0,45.0,24.1,1
532,32,12.1,20.7,0.6,0.8,4.1,44.0,24.0,63.0,20.5,1
1316,13,25.8,34.8,0.0,6.4,8.2,37.0,19.0,63.0,32.4,1
209,45,15.3,17.6,10.4,2.8,0.0,57.0,37.0,78.0,16.0,1
405,13,23.2,34.2,7.6,5.6,4.7,43.0,22.0,65.0,29.9,1
384,7,18.7,24.1,0.0,7.0,0.9,30.0,7.0,67.0,24.0,1
946,35,6.6,13.6,0.6,5.4,9.4,70.0,39.0,57.0,12.1,1
1267,21,20.8,36.7,0.0,12.6,5.6,67.0,33.0,28.0,35.8,1
609,33,13.6,17.9,5.6,7.2,5.8,28.0,17.0,67.0,16.5,1
1415,13,22.7,33.3,7.6,7.2,7.9,22.0,15.0,72.0,30.7,1
737,27,12.2,19.4,0.0,0.6,3.1,52.0,17.0,86.0,16.7,1
885,8,20.5,25.3,0.0,5.0,3.7,41.0,11.0,76.0,23.9,1
68,11,19.5,24.9,0.8,4.2,2.8,31.0,7.0,77.0,21.2,1
161,20,5.6,27.6,0.0,4.0,9.6,56.0,33.0,15.0,27.0,1
720,20,8.2,14.2,0.0,4.8,0.6,43.0,24.0,55.0,13.1,1
1158,37,20.0,31.4,0.0,5.2,8.0,72.0,39.0,65.0,24.9,1
951,33,13.4,14.9,0.2,8.0,0.0,41.0,24.0,79.0,13.9,1
643,8,25.4,31.7,17.0,7.0,2.4,37.0,19.0,73.0,29.7,1
1041,15,4.4,14.5,0.0,2.0,8.3,35.0,20.0,59.0,13.6,1
604,42,17.0,32.7,0.2,4.8,7.5,56.0,26.0,36.0,30.7,1
849,37,13.9,21.2,0.0,4.0,3.0,52.0,17.0,61.0,19.9,1
214,32,12.2,22.9,0.0,8.2,10.0,44.0,22.0,57.0,21.0,1
1263,19,13.8,19.3,0.2,9.0,3.2,35.0,19.0,75.0,17.6,1
1400,20,19.9,39.6,0.8,10.6,4.1,80.0,43.0,19.0,35.6,1
1306,48,22.0,27.2,13.2,11.8,3.0,50.0,11.0,68.0,26.1,1
1044,45,10.6,19.5,21.2,4.2,4.4,48.0,22.0,50.0,17.8,1
1406,38,16.5,18.9,4.2,8.8,0.0,44.0,24.0,79.0,18.3,1
124,32,12.2,16.8,20.2,4.8,0.5,37.0,22.0,87.0,13.5,1
770,31,12.3,22.8,0.0,6.6,4.7,37.0,17.0,91.0,16.8,1
265,8,25.3,29.7,1.2,3.4,0.8,37.0,20.0,95.0,25.3,1
1442,20,11.8,14.6,0.0,3.4,0.0,46.0,15.0,84.0,13.3,1
608,19,14.2,34.0,0.0,8.0,8.9,93.0,41.0,27.0,33.1,1
1147,8,23.9,31.0,17.2,4.4,9.6,59.0,31.0,59.0,30.3,1
1282,21,18.5,19.7,22.4,30.4,0.0,39.0,17.0,91.0,18.6,1
467,37,21.8,25.2,0.4,6.6,0.8,44.0,20.0,79.0,24.3,1
195,11,18.2,31.1,1.4,5.8,10.3,63.0,44.0,63.0,21.2,1
1141,45,17.9,23.6,33.2,4.6,1.0,43.0,28.0,45.0,22.7,1
1342,18,6.9,10.7,13.8,3.8,4.5,44.0,17.0,65.0,8.4,1
734,37,5.8,17.3,0.0,2.8,9.8,35.0,19.0,38.0,16.6,1
289,48,14.6,28.4,0.0,6.8,5.7,31.0,19.0,25.0,27.8,1
1135,21,21.7,29.3,1.8,5.2,0.8,41.0,26.0,64.0,28.3,1
653,3,20.8,32.7,18.0,6.0,3.0,46.0,20.0,51.0,31.0,1
1070,33,3.9,13.8,0.0,1.4,7.2,39.0,24.0,69.0,13.1,1
14,31,4.7,22.5,0.0,2.2,10.3,30.0,15.0,38.0,20.9,1
748,31,10.6,19.4,6.6,2.6,7.0,43.0,19.0,58.0,18.3,1
1427,28,14.6,21.1,0.5,5.1,6.6,61.0,31.0,69.0,18.2,1
1444,32,11.8,17.7,14.2,1.4,4.3,54.0,30.0,54.0,17.0,1
593,38,13.4,20.6,0.0,3.0,0.9,33.0,19.0,57.0,19.8,1
327,27,15.7,18.6,0.0,2.6,0.0,31.0,11.0,94.0,16.0,1
499,39,24.1,26.9,10.0,7.2,0.2,43.0,6.0,98.0,23.6,1
83,8,24.3,31.4,3.2,5.0,7.7,39.0,17.0,82.0,28.4,1
1301,15,11.0,22.0,0.0,7.8,3.4,94.0,54.0,34.0,21.0,1
462,45,22.5,28.7,1.0,5.8,11.3,48.0,33.0,64.0,27.2,1
803,13,24.1,33.2,31.8,4.2,9.6,57.0,26.0,60.0,32.9,1
693,15,10.4,11.1,5.4,2.0,0.0,50.0,28.0,77.0,9.7,1
1104,44,12.8,19.3,14.2,9.4,7.7,74.0,33.0,55.0,15.9,1
618,12,9.7,17.5,21.0,8.6,11.6,56.0,30.0,49.0,16.2,1
1150,44,16.8,32.8,0.0,5.0,2.7,91.0,9.0,37.0,27.7,1
760,38,18.3,34.1,0.0,6.4,6.0,61.0,37.0,18.0,33.2,1
417,44,17.6,22.4,1.6,9.0,0.0,43.0,2.0,99.0,19.4,1
19,18,14.0,21.0,0.4,2.8,0.1,30.0,13.0,68.0,19.2,1
981,27,19.9,21.8,1.6,2.6,0.0,54.0,19.0,95.0,21.2,1
1317,22,11.5,17.8,0.6,2.0,3.3,31.0,17.0,68.0,16.8,1
565,35,2.9,12.5,1.6,0.6,0.1,41.0,24.0,79.0,11.3,1
1046,28,8.8,13.8,1.0,0.8,1.1,44.0,26.0,94.0,13.0,1
24,13,23.7,29.1,44.8,10.4,2.0,44.0,30.0,76.0,28.5,1
1284,44,15.3,43.8,0.0,7.6,10.3,72.0,22.0,17.0,41.0,1
777,15,10.6,16.3,10.4,5.6,2.1,43.0,17.0,83.0,10.5,1
623,35,14.1,24.0,0.0,7.8,1.6,31.0,19.0,72.0,20.9,1
1389,19,10.9,16.0,0.6,5.6,5.9,76.0,43.0,49.0,13.1,1
1137,12,15.7,19.8,2.4,1.2,1.2,48.0,24.0,90.0,18.0,1
933,32,11.1,20.6,0.0,3.8,2.1,57.0,33.0,68.0,19.1,1
554,22,4.8,9.8,0.0,1.4,0.0,37.0,17.0,97.0,8.4,1
1369,15,7.8,18.4,1.2,1.0,3.8,41.0,9.0,54.0,17.0,1
132,15,6.2,12.2,0.8,1.4,0.0,44.0,22.0,95.0,11.7,1
1321,33,13.9,26.7,0.0,9.0,2.4,67.0,28.0,27.0,25.5,1
547,33,7.3,12.2,15.0,2.0,4.1,93.0,43.0,84.0,9.6,1
394,11,11.7,20.7,0.0,2.6,3.9,24.0,13.0,41.0,19.5,1
773,35,16.7,27.8,1.0,5.5,2.8,43.0,17.0,56.0,22.1,1
530,38,8.9,15.6,0.0,4.8,4.6,63.0,31.0,79.0,12.5,1
1165,15,8.9,17.3,11.4,3.6,4.9,43.0,20.0,49.0,16.8,1
149,28,13.2,17.8,0.0,6.6,9.0,54.0,24.0,43.0,17.0,1
453,11,19.9,28.3,10.6,2.2,2.6,39.0,20.0,66.0,27.3,1
1208,27,15.9,21.2,0.2,2.6,2.8,63.0,22.0,74.0,19.1,1
535,15,5.4,16.6,1.8,0.6,5.7,87.0,43.0,43.0,16.3,1
1151,27,21.6,23.8,9.8,2.0,0.2,56.0,19.0,90.0,22.8,1
719,44,0.5,14.5,0.0,2.0,3.2,59.0,17.0,63.0,12.3,1
833,28,15.3,21.6,0.0,6.8,5.8,35.0,19.0,56.0,20.4,1
1298,38,19.1,23.7,8.2,7.6,0.8,74.0,54.0,60.0,23.3,1
231,38,22.2,32.6,5.6,10.4,11.6,76.0,44.0,53.0,28.9,1
1228,33,7.3,12.8,7.8,2.8,3.6,81.0,35.0,72.0,12.2,1
9,31,10.4,17.9,20.6,2.0,3.2,76.0,30.0,50.0,13.9,1
188,20,8.4,24.1,0.0,6.0,5.5,72.0,39.0,34.0,23.5,1
337,3,15.9,19.2,4.2,3.6,0.8,37.0,11.0,48.0,18.3,1
1264,33,11.5,28.0,0.0,6.8,1.9,70.0,37.0,59.0,18.9,1
891,32,8.2,20.2,0.8,2.0,5.0,33.0,11.0,58.0,18.5,1
1084,33,9.6,20.5,0.2,3.6,0.5,52.0,24.0,36.0,20.1,1
146,12,10.1,11.9,8.6,3.2,0.0,65.0,24.0,95.0,11.1,1
1391,44,12.3,17.1,0.2,5.6,5.9,61.0,20.0,52.0,13.9,1
738,32,11.5,18.6,5.6,4.4,0.2,46.0,26.0,79.0,17.2,1
154,42,4.2,13.1,0.0,0.6,1.1,39.0,26.0,87.0,10.5,1
1449,38,11.8,17.6,41.6,1.8,1.3,69.0,28.0,92.0,16.0,1
269,45,18.2,21.5,31.6,10.4,0.0,56.0,28.0,96.0,18.8,1
862,27,15.3,19.7,0.6,1.6,2.0,56.0,26.0,76.0,18.7,1
913,12,9.8,14.4,2.6,0.8,3.2,33.0,20.0,85.0,14.0,1
354,22,7.6,11.9,15.0,0.8,3.5,50.0,30.0,70.0,8.7,1
189,22,3.7,15.0,0.8,1.6,4.1,35.0,17.0,74.0,14.1,1
1088,38,15.0,17.8,0.0,5.2,1.5,59.0,28.0,75.0,13.2,1
818,13,25.2,31.5,80.6,3.2,1.4,43.0,28.0,81.0,29.0,1
281,10,23.3,32.4,0.0,8.4,2.0,50.0,7.0,33.0,29.9,1
450,11,19.9,24.7,19.4,0.6,0.1,46.0,31.0,82.0,22.1,1
371,27,15.3,20.3,8.0,0.8,1.1,33.0,19.0,69.0,19.2,1
986,33,10.5,17.8,4.0,1.6,3.9,56.0,22.0,72.0,15.8,1
1019,42,7.1,15.3,0.0,3.4,1.5,28.0,17.0,49.0,14.2,1
170,27,17.0,19.9,0.2,2.6,5.4,26.0,13.0,89.0,18.0,1
1422,7,27.3,35.6,0.0,11.4,5.0,37.0,17.0,59.0,30.6,1
629,33,15.7,20.4,0.8,2.0,8.9,72.0,41.0,54.0,19.7,1
541,33,10.1,13.1,0.0,2.8,0.0,52.0,24.0,77.0,11.9,1
316,22,10.1,15.1,1.2,0.6,2.3,39.0,22.0,88.0,14.9,1
328,44,6.2,17.2,0.0,1.4,7.2,43.0,13.0,59.0,17.1,1
1277,7,20.8,28.1,3.2,8.8,1.3,28.0,7.0,59.0,26.9,1
727,45,4.0,15.7,0.0,2.6,1.0,48.0,26.0,54.0,14.3,1
418,15,12.7,19.7,0.0,6.8,3.2,33.0,19.0,74.0,18.2,1
1233,33,4.6,15.5,0.2,1.2,5.6,44.0,20.0,57.0,14.5,1
128,31,13.1,16.6,14.2,1.0,5.5,63.0,26.0,47.0,14.3,1
449,8,23.4,28.6,79.2,1.4,0.5,37.0,13.0,74.0,28.3,1
1384,18,9.3,16.4,2.0,4.4,5.6,24.0,9.0,53.0,15.6,1
1319,31,18.0,32.6,0.0,6.8,7.7,35.0,13.0,43.0,28.3,1
1060,32,6.4,17.8,14.6,0.6,7.2,65.0,22.0,40.0,17.7,1
366,33,5.0,11.0,6.0,1.4,8.6,63.0,33.0,71.0,9.0,1
948,11,17.9,31.5,0.0,4.0,5.3,63.0,28.0,66.0,25.2,1
1152,13,25.5,30.0,6.0,4.2,1.2,33.0,15.0,93.0,26.1,1
826,11,15.3,22.6,51.2,6.8,4.7,31.0,17.0,66.0,21.3,1
63,12,14.3,29.4,0.0,4.0,8.7,31.0,11.0,43.0,27.6,1
915,48,10.9,27.5,0.0,7.8,7.1,67.0,11.0,20.0,25.7,1
486,48,13.4,20.2,53.8,42.3,0.6,43.0,17.0,93.0,14.7,1
218,19,16.7,25.6,1.4,6.2,0.0,35.0,19.0,54.0,25.0,1
500,7,22.6,25.0,23.4,1.2,0.0,17.0,9.0,87.0,24.1,1
1346,19,6.8,11.9,2.0,1.8,0.0,39.0,15.0,94.0,10.5,1
1294,8,26.1,32.3,0.2,3.2,7.4,37.0,20.0,75.0,31.1,1
145,35,0.5,11.4,2.6,0.2,0.7,50.0,19.0,92.0,10.3,1
1015,0,14.9,29.2,0.0,10.6,6.6,43.0,17.0,33.0,29.1,1
215,27,19.9,23.8,0.0,5.4,10.5,44.0,22.0,78.0,22.4,1
896,45,9.5,18.6,0.0,3.4,8.6,31.0,19.0,55.0,17.3,1
1172,8,23.5,31.4,2.6,8.0,6.6,52.0,28.0,68.0,28.8,1
385,27,17.1,20.5,0.0,3.2,0.0,48.0,20.0,93.0,19.7,1
1155,15,11.3,19.8,0.0,6.8,1.1,61.0,24.0,42.0,19.6,1
1426,37,18.6,20.8,7.8,4.4,0.0,44.0,19.0,87.0,19.0,1
480,11,19.1,26.6,7.6,4.0,9.9,35.0,20.0,58.0,25.7,1
52,8,24.7,31.2,0.0,7.0,3.0,35.0,22.0,68.0,29.6,1
998,15,15.4,27.3,0.0,3.4,3.3,76.0,37.0,29.0,25.4,1
243,44,23.5,36.1,0.0,19.4,2.7,65.0,15.0,39.0,34.1,1
279,8,24.1,30.8,2.2,4.2,3.9,33.0,6.0,85.0,27.3,1
990,8,23.4,30.2,23.6,4.8,4.5,46.0,22.0,81.0,27.7,1
336,35,-0.6,12.7,0.0,1.0,2.2,54.0,9.0,79.0,12.1,1
1377,19,9.6,15.7,3.0,5.2,2.0,41.0,20.0,70.0,14.3,1
202,35,4.8,23.1,1.4,4.0,4.6,59.0,35.0,37.0,22.3,1
368,21,9.8,15.8,7.8,4.2,0.0,56.0,15.0,96.0,15.5,1
370,33,5.2,11.5,6.6,2.0,2.6,76.0,31.0,89.0,8.1,1
78,45,19.3,23.7,0.4,3.2,0.1,43.0,24.0,92.0,19.6,1
1221,33,2.7,11.2,17.4,1.2,3.1,46.0,28.0,77.0,10.5,1
476,33,15.2,22.6,0.0,5.0,10.9,31.0,11.0,69.0,22.0,1
494,7,24.4,34.5,0.0,8.0,8.1,41.0,13.0,67.0,30.3,1
74,38,19.4,22.0,1.6,6.0,0.0,65.0,35.0,89.0,20.4,1
553,37,5.6,13.2,0.8,2.0,0.6,39.0,13.0,84.0,12.7,1
293,12,14.1,19.5,3.4,2.0,2.3,24.0,13.0,85.0,18.7,1
1371,32,6.8,19.4,0.0,2.6,8.6,44.0,28.0,50.0,18.7,1
4,9,4.7,18.5,3.8,2.0,5.1,22.0,6.0,50.0,17.9,1
640,39,26.9,32.4,0.0,5.4,7.4,33.0,24.0,70.0,31.7,1
88,33,6.7,22.0,0.0,5.4,0.4,44.0,19.0,37.0,21.8,1
404,11,14.7,19.6,7.4,1.2,0.4,35.0,20.0,70.0,19.0,1
671,19,18.9,27.1,2.0,8.6,2.4,65.0,28.0,71.0,23.9,1
1187,38,10.7,18.4,0.4,4.0,0.9,48.0,26.0,71.0,18.1,1
309,18,11.9,15.0,4.2,1.8,0.0,24.0,11.0,91.0,14.3,1
1385,32,6.3,19.1,0.0,3.2,5.2,54.0,26.0,52.0,18.4,1
390,22,6.0,16.7,0.0,3.4,3.6,46.0,26.0,62.0,14.9,1
116,33,9.5,13.3,2.4,1.2,0.6,31.0,17.0,87.0,12.9,1
319,45,10.8,20.2,1.6,2.8,5.9,57.0,24.0,74.0,19.5,1
1347,18,8.2,12.8,0.6,1.8,0.0,28.0,13.0,91.0,11.5,1
156,33,9.7,14.8,6.0,1.6,5.9,56.0,26.0,78.0,13.8,1
233,21,17.8,34.4,0.0,9.8,13.0,48.0,11.0,28.0,32.9,1
926,27,17.9,21.9,0.0,3.2,9.4,48.0,15.0,81.0,20.5,1
448,15,9.5,14.9,0.2,5.4,7.0,57.0,30.0,72.0,10.4,1
723,27,15.3,18.9,2.4,3.2,0.0,59.0,33.0,91.0,16.7,1
1036,42,9.7,18.7,0.0,0.8,4.1,39.0,13.0,84.0,15.2,1
861,15,8.0,10.6,5.4,1.4,1.3,44.0,26.0,78.0,10.3,1
1148,37,20.5,25.6,1.0,2.8,0.0,37.0,15.0,74.0,24.5,1
439,20,20.4,31.5,4.2,7.0,4.1,44.0,20.0,46.0,30.4,1
360,15,6.9,12.1,16.8,2.2,0.0,80.0,33.0,94.0,11.7,1
982,20,24.3,33.5,0.0,18.2,0.0,43.0,15.0,28.0,32.5,1
516,12,8.0,15.7,20.0,0.2,3.6,43.0,24.0,89.0,13.4,1
1039,42,9.2,14.0,5.0,1.0,0.8,26.0,9.0,83.0,12.8,1
1393,32,5.9,19.8,0.0,6.0,10.1,44.0,26.0,49.0,18.6,1
165,31,9.6,19.8,0.4,1.8,4.6,43.0,15.0,71.0,18.2,1
440,33,15.2,24.3,0.8,6.8,6.8,39.0,24.0,85.0,20.8,1
602,28,15.8,27.4,0.0,5.8,2.0,46.0,24.0,69.0,21.4,1
919,0,15.6,15.9,0.2,3.4,0.0,24.0,0.0,84.0,15.1,1
434,8,22.7,29.6,3.0,5.2,6.1,33.0,15.0,75.0,28.5,1
784,8,23.8,32.9,5.8,9.8,10.7,48.0,31.0,54.0,31.3,1
455,8,25.1,31.7,17.6,6.4,5.1,30.0,19.0,76.0,29.9,1
119,9,9.0,14.5,1.6,1.8,0.0,22.0,17.0,87.0,13.5,1
1354,18,6.3,14.3,0.0,2.6,4.7,59.0,26.0,51.0,13.3,1
628,48,24.4,32.2,0.0,15.3,8.2,48.0,26.0,56.0,28.1,1
621,21,16.2,26.2,17.8,7.8,5.5,31.0,13.0,47.0,25.9,1
1352,44,9.0,16.4,1.0,0.2,6.3,15.0,7.0,70.0,15.3,1
677,22,9.8,16.2,7.4,1.0,6.3,65.0,22.0,81.0,13.1,1
250,8,24.8,30.6,83.4,5.0,0.8,30.0,13.0,79.0,28.6,1
1324,44,16.2,23.5,5.8,2.2,8.4,44.0,20.0,55.0,23.0,1
829,20,4.3,16.7,0.0,3.4,0.7,43.0,22.0,83.0,11.4,1
1075,20,9.0,11.5,9.0,3.0,0.0,35.0,17.0,90.0,11.4,1
302,7,15.3,25.8,0.0,1.8,7.4,30.0,4.0,67.0,23.5,1
751,15,8.0,12.8,0.0,3.8,4.4,76.0,37.0,39.0,9.3,1
1278,8,23.7,27.9,60.4,2.8,0.0,30.0,15.0,78.0,27.6,1
380,28,8.7,15.8,1.0,5.0,2.5,39.0,19.0,71.0,14.9,1
953,42,5.5,22.3,0.0,8.0,7.2,50.0,20.0,36.0,19.4,1
678,11,14.9,24.9,1.0,1.6,8.3,37.0,13.0,61.0,24.2,1
22,3,21.7,25.1,2.6,8.4,0.2,35.0,11.0,78.0,22.9,1
1338,19,5.2,12.4,0.2,0.6,1.4,33.0,11.0,79.0,11.5,1
887,44,13.5,15.8,5.0,4.4,7.4,57.0,31.0,72.0,14.3,1
430,22,20.7,26.8,0.0,10.4,0.7,57.0,22.0,79.0,20.9,1
747,32,10.5,19.1,10.2,2.6,7.0,56.0,28.0,52.0,18.2,1
341,27,16.1,19.4,3.2,2.4,0.4,48.0,15.0,86.0,18.6,1
1365,32,8.1,15.5,0.2,3.0,1.9,33.0,17.0,56.0,15.4,1
1397,37,17.8,22.7,2.0,5.2,2.5,37.0,19.0,67.0,21.3,1
641,11,23.2,30.8,0.2,2.0,5.5,48.0,26.0,73.0,26.9,1
247,13,25.8,32.4,1.4,5.8,6.3,56.0,22.0,80.0,27.3,1
122,31,4.3,23.1,0.0,1.8,8.9,31.0,11.0,27.0,23.0,1
55,21,16.1,33.4,0.0,10.2,12.3,54.0,11.0,22.0,32.1,0
238,19,14.0,21.8,0.0,8.0,9.4,39.0,24.0,49.0,20.6,0
806,27,19.8,24.7,0.0,4.4,8.5,37.0,20.0,73.0,23.4,0
1231,39,14.6,26.1,0.0,5.6,10.0,39.0,26.0,57.0,25.1,0
1406,31,18.2,40.0,0.0,12.2,13.3,35.0,17.0,15.0,38.4,0
1445,31,5.9,22.6,0.0,4.4,9.1,19.0,7.0,42.0,22.3,0
1437,44,8.7,21.1,0.6,1.2,6.2,17.0,0.0,40.0,20.5,0
826,20,10.7,27.9,0.0,5.8,11.3,30.0,9.0,17.0,26.6,0
578,0,13.3,24.2,0.0,5.4,7.5,30.0,11.0,47.0,23.0,0
4,9,-2.1,12.9,0.0,1.2,8.1,31.0,13.0,25.0,12.3,0
1291,39,26.4,32.0,0.0,9.8,10.5,39.0,26.0,50.0,30.4,0
32,31,21.9,36.1,0.0,11.4,13.2,46.0,22.0,24.0,33.8,0
303,48,10.4,20.9,1.2,0.6,4.1,31.0,15.0,39.0,20.2,0
220,21,16.0,30.2,0.0,12.0,11.0,35.0,11.0,20.0,28.3,0
1174,20,11.3,25.8,0.0,4.8,5.8,24.0,11.0,29.0,24.4,0
1386,20,15.1,31.1,0.0,9.4,6.7,43.0,17.0,21.0,28.9,0
1318,12,13.8,26.1,0.0,7.2,10.3,43.0,24.0,40.0,25.2,0
245,20,13.0,29.1,0.0,8.6,12.8,46.0,13.0,21.0,26.9,0
852,15,10.5,16.6,0.2,1.0,3.0,43.0,26.0,58.0,12.5,0
165,7,11.6,25.5,0.0,4.0,11.2,35.0,15.0,25.0,24.7,0
1055,28,3.1,10.7,0.0,1.8,3.1,28.0,9.0,64.0,9.3,0
887,11,7.9,25.0,0.0,2.8,10.2,35.0,20.0,47.0,22.0,0
146,28,8.4,13.2,3.2,1.6,3.5,48.0,22.0,88.0,12.0,0
243,20,13.9,27.0,2.4,12.8,11.4,46.0,24.0,27.0,24.2,0
64,10,19.9,33.5,0.0,9.2,12.3,39.0,7.0,22.0,32.3,0
450,0,15.8,31.8,0.0,8.0,12.8,30.0,15.0,32.0,30.1,0
965,20,16.1,34.9,0.0,12.6,13.3,44.0,13.0,15.0,32.4,0
1243,44,9.9,13.8,4.6,2.4,3.3,43.0,20.0,77.0,12.7,0
823,42,11.9,29.5,0.0,6.2,8.0,50.0,28.0,19.0,27.7,0
940,37,14.9,22.9,2.8,3.4,7.3,44.0,20.0,49.0,21.9,0
847,44,9.9,25.1,0.0,7.2,9.8,30.0,11.0,40.0,24.2,0
36,35,4.7,21.1,0.0,4.0,12.8,43.0,20.0,33.0,20.4,0
34,35,15.3,20.2,0.0,7.8,0.5,30.0,15.0,74.0,19.6,0
1307,15,15.2,26.1,0.0,10.2,8.6,39.0,24.0,48.0,24.3,0
693,7,10.2,23.5,0.0,3.0,9.8,13.0,4.0,53.0,22.2,0
1350,18,13.7,17.2,12.0,2.2,5.0,48.0,13.0,47.0,16.9,0
1352,38,11.9,26.4,0.0,7.2,10.2,31.0,9.0,25.0,25.3,0
809,42,24.4,44.1,0.0,11.6,11.6,78.0,44.0,10.0,43.0,0
507,11,9.2,19.2,1.0,1.2,8.0,19.0,7.0,68.0,18.2,0
1443,44,6.9,14.4,0.0,1.4,2.6,22.0,13.0,64.0,13.7,0
735,20,7.0,19.1,0.0,4.6,7.5,39.0,24.0,42.0,16.8,0
1420,28,13.4,33.9,0.0,8.0,11.6,33.0,17.0,16.0,33.0,0
539,13,22.8,31.8,0.0,5.2,9.2,30.0,22.0,60.0,30.0,0
1219,21,3.2,17.5,0.4,5.4,10.3,28.0,9.0,43.0,17.3,0
838,37,12.5,23.2,0.0,4.8,10.1,33.0,17.0,45.0,20.3,0
42,28,14.2,31.6,0.0,10.0,13.3,35.0,17.0,10.0,30.1,0
1417,7,19.6,31.1,0.0,8.0,10.5,28.0,11.0,51.0,29.8,0
1409,13,27.2,33.2,0.0,5.2,8.7,31.0,19.0,62.0,31.6,0
1154,12,11.6,24.3,0.0,5.6,11.0,48.0,28.0,61.0,23.1,0
112,7,14.8,23.7,2.2,2.4,3.0,31.0,11.0,46.0,22.5,0
1285,32,12.9,30.1,0.0,7.6,13.1,56.0,15.0,15.0,29.5,0
1252,31,7.3,23.8,0.0,5.2,9.5,35.0,15.0,42.0,21.3,0
1204,33,9.3,11.2,0.0,0.8,5.0,48.0,11.0,79.0,10.7,0
949,15,11.9,21.0,0.0,6.6,8.7,35.0,22.0,54.0,19.8,0
739,21,14.1,29.3,0.0,7.4,9.2,74.0,35.0,15.0,28.2,0
1103,22,3.8,20.3,0.0,3.0,11.8,31.0,15.0,40.0,18.8,0
601,44,16.3,24.0,13.6,5.4,2.3,31.0,17.0,56.0,22.3,0
636,38,19.7,24.9,13.4,5.8,11.0,50.0,26.0,72.0,23.3,0
192,28,9.0,25.3,0.0,5.0,12.1,35.0,15.0,36.0,24.2,0
522,27,14.1,17.7,0.0,5.0,8.0,52.0,24.0,60.0,16.9,0
492,3,0.5,22.3,0.0,4.0,10.0,28.0,7.0,22.0,21.4,0
321,18,7.6,18.1,0.0,2.0,4.9,28.0,9.0,54.0,17.5,0
1422,7,20.7,31.1,0.0,8.0,10.9,28.0,15.0,50.0,28.2,0
1011,18,12.6,21.9,0.0,3.6,10.0,35.0,24.0,57.0,20.5,0
242,18,24.2,35.6,0.0,19.4,2.7,65.0,30.0,39.0,33.5,0
186,15,7.1,15.4,1.6,2.0,7.0,30.0,15.0,64.0,13.8,0
384,31,10.2,17.5,10.0,4.4,5.1,37.0,17.0,38.0,16.4,0
528,32,7.5,18.3,0.6,1.8,7.3,28.0,13.0,54.0,17.1,0
667,35,2.8,17.0,0.0,2.0,2.0,35.0,19.0,54.0,15.8,0
420,32,14.7,33.9,0.0,11.4,13.2,70.0,28.0,18.0,32.5,0
912,7,15.2,34.7,0.0,5.4,10.5,43.0,9.0,37.0,30.8,0
1448,13,19.3,33.4,0.0,6.0,11.0,35.0,20.0,32.0,32.3,0
943,42,19.8,33.6,0.0,11.8,0.4,63.0,33.0,7.0,32.3,0
1203,13,20.6,30.9,0.0,6.6,10.1,48.0,22.0,37.0,30.2,0
254,35,11.0,31.1,0.0,4.8,11.2,48.0,31.0,52.0,25.8,0
1083,21,10.8,26.4,0.0,6.4,11.0,48.0,31.0,28.0,25.3,0
986,20,13.2,30.8,0.0,6.0,10.0,24.0,11.0,23.0,28.8,0
1404,44,15.2,21.0,0.0,11.8,3.5,43.0,20.0,46.0,18.6,0
159,18,10.7,19.7,0.0,4.8,8.6,56.0,26.0,45.0,19.5,0
364,22,1.0,13.4,0.0,1.6,4.5,33.0,2.0,71.0,13.0,0
628,32,21.5,29.5,0.0,9.8,9.5,37.0,22.0,56.0,27.8,0
1216,27,11.5,16.0,0.6,3.0,9.0,54.0,26.0,55.0,15.0,0
1233,38,10.8,20.8,0.0,3.0,9.2,33.0,24.0,54.0,18.8,0
765,19,13.0,21.0,0.0,5.8,2.8,76.0,35.0,38.0,20.3,0
228,27,16.5,24.5,0.0,7.0,13.3,28.0,13.0,57.0,22.6,0
871,37,7.9,20.3,0.0,3.4,9.3,22.0,7.0,32.0,19.5,0
283,18,17.5,24.7,0.0,5.4,8.2,54.0,31.0,40.0,22.7,0
453,42,13.2,28.7,0.0,5.8,13.2,30.0,11.0,43.0,26.7,0
47,21,20.3,33.7,0.0,10.2,13.1,41.0,15.0,36.0,31.5,0
696,19,6.7,15.3,0.0,1.4,7.3,46.0,26.0,59.0,14.8,0
122,8,17.2,25.9,0.0,7.8,10.7,52.0,33.0,47.0,24.6,0
87,38,12.5,20.8,0.0,5.6,9.3,44.0,24.0,66.0,20.0,0
927,12,11.0,30.1,0.0,6.6,11.4,56.0,24.0,23.0,28.8,0
488,20,8.1,15.8,1.4,2.4,5.4,50.0,24.0,51.0,14.8,0
1373,38,12.2,26.7,0.0,4.8,9.2,43.0,24.0,28.0,25.6,0
610,7,22.8,33.8,0.0,8.0,12.7,24.0,11.0,57.0,33.0,0
424,35,11.6,22.8,0.0,9.2,5.6,52.0,37.0,39.0,20.8,0
510,20,1.9,14.9,0.0,1.8,9.6,26.0,13.0,45.0,14.4,0
458,27,21.0,25.8,0.0,5.6,10.2,41.0,24.0,76.0,24.5,0
1331,8,22.8,32.8,0.0,5.0,9.6,33.0,15.0,61.0,32.4,0
624,39,23.6,31.9,1.6,8.6,10.0,43.0,24.0,49.0,31.3,0
248,20,13.5,25.2,0.0,14.2,11.1,57.0,28.0,28.0,23.6,0
910,20,12.3,19.9,6.8,11.8,9.6,67.0,24.0,26.0,17.9,0
841,37,14.4,28.7,0.0,4.6,10.1,28.0,15.0,29.0,28.1,0
694,48,5.7,17.3,0.0,3.8,9.6,30.0,13.0,61.0,16.8,0
723,33,7.3,14.7,1.2,1.0,5.3,44.0,24.0,65.0,12.8,0
957,0,15.2,22.6,0.8,2.0,8.9,48.0,20.0,53.0,20.2,0
175,12,7.6,13.5,0.2,1.6,0.2,43.0,20.0,66.0,11.9,0
1304,22,10.9,23.8,0.0,6.8,12.0,41.0,24.0,38.0,23.0,0
892,31,16.2,23.6,0.0,2.0,2.4,24.0,11.0,60.0,22.4,0
132,7,8.2,21.4,0.0,3.2,9.0,24.0,9.0,38.0,20.6,0
543,48,7.7,19.8,0.0,4.2,11.0,26.0,15.0,32.0,18.5,0
1394,19,13.6,25.4,0.0,7.0,5.1,74.0,28.0,69.0,15.8,0
956,27,16.1,23.7,0.0,6.2,4.5,26.0,9.0,66.0,23.4,0
775,13,26.7,34.9,0.0,7.0,9.8,41.0,24.0,47.0,34.4,0
590,35,9.2,21.3,0.2,7.6,11.5,44.0,20.0,50.0,20.3,0
1059,27,13.5,17.6,0.2,3.4,9.9,33.0,20.0,55.0,16.3,0
2,9,12.0,23.8,0.0,10.4,12.4,44.0,30.0,34.0,22.9,0
397,32,9.7,24.0,0.0,5.6,11.2,52.0,19.0,18.0,23.9,0
955,19,15.9,28.5,0.0,11.6,9.2,54.0,13.0,28.0,26.7,0
1224,3,8.0,23.0,0.0,7.6,10.6,41.0,20.0,37.0,21.6,0
73,10,20.9,34.3,0.0,10.2,7.9,28.0,13.0,19.0,32.8,0
828,19,12.7,25.0,0.8,3.8,8.4,48.0,33.0,35.0,24.1,0
1269,13,24.9,34.3,0.0,10.4,11.3,39.0,24.0,49.0,32.9,0
805,31,22.3,26.4,0.0,11.2,11.8,50.0,26.0,56.0,25.0,0
868,37,13.0,24.3,4.8,1.8,8.7,22.0,9.0,48.0,23.0,0
1176,8,21.6,31.4,0.0,7.8,10.8,30.0,17.0,58.0,30.5,0
1222,42,3.9,14.0,0.6,1.2,9.4,26.0,15.0,61.0,12.3,0
1380,32,7.6,19.3,0.0,5.0,11.0,37.0,11.0,34.0,18.5,0
853,21,0.8,20.4,0.0,3.2,9.9,19.0,4.0,28.0,19.4,0
361,3,3.0,18.1,0.0,4.6,10.6,37.0,24.0,24.0,17.6,0
403,42,7.0,23.8,0.0,3.4,12.5,26.0,13.0,31.0,23.4,0
318,31,2.5,18.8,0.0,2.6,8.2,24.0,11.0,44.0,18.7,0
931,37,16.4,25.4,17.6,2.0,10.3,39.0,17.0,55.0,24.5,0
76,22,10.4,22.6,3.2,3.0,6.5,30.0,15.0,66.0,22.0,0
660,8,21.8,30.4,0.0,5.4,6.6,39.0,24.0,68.0,29.0,0
1064,32,4.0,19.7,0.0,2.2,9.5,37.0,15.0,42.0,19.5,0
417,11,17.1,24.9,6.6,6.0,11.4,35.0,26.0,51.0,24.1,0
69,3,23.9,32.8,0.0,16.0,11.4,43.0,22.0,17.0,31.5,0
865,21,8.7,19.8,0.0,3.0,1.0,30.0,7.0,50.0,19.2,0
790,20,12.3,33.7,0.0,9.6,11.8,46.0,24.0,7.0,31.4,0
606,21,18.0,30.2,0.0,8.8,8.9,39.0,9.0,37.0,29.3,0
1314,27,20.8,25.3,0.2,5.0,10.8,39.0,24.0,74.0,23.3,0
535,22,9.3,15.4,0.4,3.6,7.0,59.0,28.0,63.0,13.4,0
876,7,9.1,22.6,0.0,3.6,10.3,46.0,20.0,25.0,21.3,0
518,38,6.7,20.7,0.0,2.8,9.7,30.0,17.0,29.0,20.1,0
136,15,5.1,8.6,2.0,0.6,4.5,63.0,22.0,61.0,7.7,0
1191,32,13.3,23.7,0.0,4.2,9.4,54.0,24.0,35.0,23.4,0
1121,15,11.8,21.0,0.0,8.8,5.5,69.0,22.0,35.0,19.7,0
591,35,8.9,18.7,0.0,3.0,10.3,41.0,20.0,55.0,17.2,0
377,21,7.5,17.0,1.2,2.4,8.6,54.0,33.0,40.0,16.5,0
181,13,22.5,34.9,0.0,8.0,10.5,37.0,28.0,41.0,32.6,0
225,18,13.2,22.0,0.0,5.8,6.1,52.0,19.0,49.0,20.0,0
674,8,19.8,29.2,0.0,4.8,10.8,46.0,35.0,47.0,28.2,0
62,44,12.8,20.1,0.0,10.6,12.2,48.0,22.0,39.0,19.2,0
1403,31,16.2,37.6,0.0,12.0,13.3,35.0,13.0,25.0,29.3,0
653,28,9.5,29.6,0.0,6.8,9.4,31.0,17.0,27.0,29.1,0
314,20,7.6,22.5,0.0,3.4,8.0,19.0,9.0,48.0,21.8,0
813,13,28.8,33.7,0.0,7.8,7.2,46.0,33.0,72.0,32.4,0
649,28,14.5,22.3,0.0,6.4,7.8,39.0,22.0,45.0,21.6,0
506,22,1.1,13.7,0.0,1.0,9.6,28.0,20.0,52.0,12.9,0
421,48,12.4,24.6,0.0,10.8,13.5,54.0,30.0,30.0,22.7,0
711,21,1.5,17.4,0.0,2.6,10.3,26.0,9.0,28.0,16.8,0
1130,42,11.7,27.8,0.6,10.8,14.0,41.0,13.0,29.0,26.4,0
1260,19,4.3,19.5,0.0,7.0,11.8,31.0,13.0,48.0,18.4,0
1104,31,14.3,24.6,0.0,6.8,8.3,31.0,17.0,50.0,23.0,0
738,20,2.9,25.8,0.0,4.0,10.9,30.0,7.0,14.0,24.8,0
1317,38,19.4,27.1,0.0,4.6,12.6,30.0,20.0,60.0,26.7,0
684,38,11.6,16.6,7.2,3.0,2.2,43.0,13.0,79.0,16.0,0
1125,18,21.1,29.3,0.0,13.2,8.9,76.0,20.0,51.0,26.9,0
342,38,5.0,16.4,0.0,2.0,9.7,28.0,7.0,32.0,16.2,0
1381,38,14.2,22.7,0.2,6.8,8.5,50.0,31.0,31.0,21.1,0
503,27,12.0,17.3,0.6,4.2,4.7,41.0,13.0,73.0,14.7,0
997,3,19.0,35.8,0.0,11.0,11.5,37.0,11.0,14.0,35.0,0
1407,31,13.7,30.6,0.0,7.8,13.1,39.0,22.0,41.0,27.6,0
1010,35,7.2,18.1,0.0,2.6,3.1,35.0,15.0,75.0,16.8,0
691,7,13.5,22.7,0.4,3.4,7.9,26.0,4.0,53.0,21.9,0
313,32,10.1,29.5,0.0,3.8,9.5,33.0,13.0,18.0,29.1,0
1039,12,11.7,13.3,0.6,0.2,0.0,15.0,6.0,100.0,12.8,0
457,32,19.2,31.9,0.0,11.0,12.4,70.0,35.0,27.0,31.3,0
938,21,17.0,36.1,0.0,11.2,13.0,48.0,6.0,17.0,33.6,0
834,15,12.2,16.3,1.4,3.8,8.1,52.0,26.0,40.0,14.7,0
776,39,20.0,30.4,0.0,8.0,12.1,33.0,19.0,54.0,29.3,0
1278,20,13.2,27.4,0.8,6.6,13.3,39.0,19.0,21.0,26.6,0
760,22,4.8,17.0,1.4,1.6,11.6,30.0,17.0,55.0,16.0,0
525,27,13.3,17.1,1.6,2.4,7.4,56.0,24.0,53.0,16.0,0
1054,8,15.5,27.2,0.0,5.8,10.9,37.0,30.0,30.0,25.4,0
1134,32,15.1,31.9,0.0,10.0,13.4,43.0,24.0,26.0,30.1,0
1227,20,3.4,12.1,0.2,2.2,4.8,30.0,17.0,75.0,10.1,0
814,12,6.5,24.7,0.0,6.0,13.8,33.0,17.0,45.0,22.5,0
678,44,6.0,16.7,0.0,3.6,2.5,44.0,22.0,51.0,16.4,0
1426,37,14.9,24.9,0.0,5.0,9.8,37.0,20.0,49.0,23.1,0
532,19,4.8,18.2,0.0,2.4,10.6,28.0,11.0,40.0,17.7,0
585,32,18.3,24.1,0.0,5.6,7.5,48.0,28.0,59.0,21.9,0
1189,13,20.0,32.9,0.0,7.5,10.8,31.0,24.0,49.0,31.2,0
48,3,25.5,37.6,0.0,17.0,12.7,54.0,30.0,14.0,37.1,0
208,42,17.0,38.5,0.0,13.8,7.8,61.0,31.0,9.0,36.1,0
54,3,18.7,30.4,0.0,15.6,10.3,46.0,30.0,8.0,29.5,0
913,28,3.9,20.4,0.0,4.0,11.5,44.0,26.0,41.0,19.3,0
1266,33,9.2,17.4,0.0,3.4,10.3,28.0,17.0,60.0,15.9,0
984,35,13.6,24.6,0.0,4.4,7.8,39.0,19.0,61.0,21.4,0
1003,19,11.5,23.2,0.0,4.0,8.8,33.0,19.0,55.0,21.8,0
1172,28,6.3,22.6,0.0,4.2,6.5,30.0,15.0,35.0,21.0,0
358,22,4.9,13.8,1.0,1.2,7.0,33.0,19.0,64.0,13.6,0
356,27,14.9,18.6,1.0,4.0,8.8,50.0,26.0,70.0,16.7,0
592,48,19.7,37.7,0.0,14.8,9.3,65.0,28.0,8.0,36.1,0
1305,19,16.1,24.1,0.0,6.8,8.1,37.0,22.0,54.0,22.4,0
1433,37,14.0,22.6,0.0,3.0,7.8,28.0,13.0,59.0,20.5,0
810,3,20.5,34.4,21.0,5.2,8.3,56.0,26.0,35.0,31.9,0
704,42,4.1,13.9,0.2,1.6,1.2,19.0,7.0,67.0,13.4,0
557,19,9.5,16.0,6.4,1.6,6.8,54.0,31.0,46.0,13.6,0
244,0,14.4,25.6,3.8,4.2,12.4,35.0,15.0,33.0,25.2,0
60,33,9.4,21.8,0.0,5.4,8.3,54.0,37.0,86.0,17.1,0
1441,13,24.0,34.5,0.0,4.8,10.6,41.0,22.0,32.0,34.0,0
521,44,14.3,21.0,0.0,7.6,4.2,43.0,4.0,47.0,19.4,0
193,20,15.2,32.8,0.0,7.6,8.8,39.0,11.0,17.0,31.5,0
195,32,15.6,26.7,2.0,0.4,9.2,39.0,20.0,57.0,25.2,0
658,44,5.5,23.1,0.0,2.8,10.7,19.0,7.0,40.0,22.6,0
304,15,3.6,16.2,0.0,2.6,8.4,43.0,20.0,38.0,15.9,0
919,8,19.6,30.0,0.0,6.6,11.5,31.0,20.0,48.0,28.7,0
1226,8,17.3,27.2,0.0,5.2,10.9,31.0,19.0,47.0,26.5,0
250,38,20.0,30.9,0.0,9.0,12.8,46.0,31.0,53.0,29.1,0
967,19,14.1,23.4,0.2,7.2,11.5,41.0,24.0,36.0,22.4,0
1288,22,5.4,17.3,0.2,5.2,0.6,43.0,22.0,47.0,16.3,0
1295,12,7.6,30.6,0.0,6.8,13.6,39.0,13.0,29.0,29.5,0
795,8,24.4,32.1,0.0,9.0,7.2,41.0,24.0,52.0,29.8,0
1164,21,23.6,38.4,0.0,10.4,11.2,39.0,30.0,25.0,36.5,0
480,11,11.2,20.6,0.0,2.0,0.3,35.0,15.0,75.0,19.7,0
489,28,0.3,12.0,0.0,0.8,8.9,24.0,7.0,55.0,11.6,0
1421,18,18.5,23.8,0.0,9.0,9.7,30.0,17.0,71.0,21.6,0
999,15,14.2,21.7,0.0,4.6,8.0,26.0,15.0,59.0,19.9,0
1193,13,22.9,33.1,0.0,7.4,10.9,37.0,22.0,43.0,32.5,0
995,38,21.2,28.2,4.2,6.0,5.2,41.0,28.0,47.0,26.6,0
1363,7,11.8,21.3,0.0,2.6,2.1,13.0,6.0,73.0,20.5,0
640,31,16.7,34.2,0.0,10.6,11.1,35.0,17.0,24.0,33.2,0
631,27,18.7,24.1,0.0,7.8,7.6,37.0,22.0,57.0,23.6,0
663,20,8.3,20.1,0.0,2.6,10.0,35.0,15.0,39.0,19.7,0
625,32,20.7,32.1,0.0,9.0,6.6,52.0,24.0,36.0,31.8,0
541,7,12.7,25.2,0.0,4.8,11.0,26.0,11.0,44.0,24.0,0
720,42,-0.6,16.7,0.0,2.4,10.4,19.0,9.0,40.0,15.9,0
284,31,18.6,32.0,40.2,10.0,6.5,41.0,11.0,61.0,28.3,0
1038,33,11.8,15.6,10.2,0.2,0.0,17.0,9.0,94.0,14.3,0
726,8,21.4,26.7,3.0,5.0,0.3,33.0,24.0,77.0,25.1,0
1414,28,21.0,32.6,0.0,10.5,12.9,31.0,15.0,48.0,31.6,0
800,38,17.7,25.5,0.0,5.6,12.4,37.0,24.0,48.0,24.3,0
3,9,0.6,14.0,0.0,2.2,2.7,17.0,7.0,67.0,13.9,0
172,27,14.6,20.4,3.4,2.6,9.8,50.0,31.0,60.0,19.8,0
1235,31,12.2,20.1,5.0,1.4,9.5,41.0,13.0,55.0,19.4,0
427,45,11.9,24.2,6.0,5.0,13.5,76.0,39.0,24.0,22.5,0
1012,35,8.6,16.9,0.4,2.2,3.3,41.0,11.0,63.0,15.8,0
908,21,4.3,26.1,0.0,4.6,11.4,31.0,11.0,17.0,25.1,0
1256,12,1.8,17.9,0.0,2.4,10.6,35.0,17.0,47.0,17.2,0
725,38,10.4,25.1,0.0,3.8,9.1,48.0,28.0,44.0,22.4,0
550,42,0.5,20.1,0.0,4.8,9.4,37.0,19.0,35.0,19.8,0
79,32,14.6,32.5,0.0,7.2,10.7,57.0,9.0,26.0,32.0,0
43,7,18.7,28.9,0.0,7.6,9.0,31.0,15.0,50.0,26.5,0
1430,15,8.1,20.1,0.0,2.4,8.9,41.0,19.0,32.0,19.7,0
1150,28,12.4,28.8,0.0,7.2,12.8,43.0,15.0,25.0,26.4,0
345,21,-1.6,13.7,0.0,1.4,8.5,35.0,15.0,37.0,13.0,0
1184,39,15.0,29.2,0.0,7.4,10.6,30.0,20.0,41.0,27.8,0
279,45,13.1,26.1,0.0,4.6,11.0,31.0,22.0,52.0,24.8,0
123,13,19.3,31.4,0.0,6.0,10.3,30.0,17.0,36.0,30.8,0
815,39,27.4,34.0,0.0,7.8,12.1,35.0,26.0,60.0,32.6,0
92,28,4.0,20.0,0.0,4.0,6.9,43.0,24.0,55.0,18.0,0
301,28,14.6,28.2,0.8,3.4,6.9,33.0,11.0,24.0,26.6,0
1197,21,0.6,14.2,0.0,2.8,9.6,35.0,24.0,39.0,14.1,0
688,20,5.5,15.5,4.4,0.6,6.6,61.0,31.0,48.0,15.1,0
1131,18,14.3,27.8,0.0,4.8,13.2,39.0,19.0,36.0,26.1,0
1008,33,7.3,19.6,0.8,1.6,7.6,26.0,13.0,67.0,18.4,0
156,3,16.6,35.2,0.0,11.4,11.2,52.0,31.0,7.0,34.8,0
1272,32,13.0,25.6,0.0,7.2,12.2,33.0,24.0,42.0,23.9,0
1105,12,7.5,18.3,0.0,7.6,0.5,39.0,15.0,90.0,15.6,0
324,8,21.2,28.8,0.0,4.4,7.3,20.0,13.0,73.0,27.8,0
1242,15,6.2,11.9,2.4,1.2,2.7,31.0,22.0,60.0,11.0,0
793,8,21.7,31.2,0.0,8.0,11.8,33.0,19.0,56.0,29.2,0
632,7,19.5,32.1,0.0,8.0,11.2,20.0,7.0,50.0,31.4,0
706,12,7.1,14.8,1.0,0.4,5.6,20.0,11.0,92.0,13.4,0
109,9,3.5,17.0,0.0,2.0,7.8,30.0,19.0,44.0,15.7,0
682,44,8.7,14.3,6.0,1.8,1.7,33.0,15.0,68.0,12.8,0
888,37,14.9,24.5,0.0,5.8,8.2,30.0,11.0,34.0,23.6,0
502,35,8.6,13.8,0.0,2.2,5.3,70.0,44.0,53.0,12.8,0
24,15,9.2,19.1,0.0,3.2,11.1,43.0,30.0,64.0,15.8,0
1000,28,13.9,27.2,0.2,4.2,10.0,35.0,20.0,46.0,26.5,0
212,33,10.7,23.5,0.0,4.2,5.2,28.0,15.0,64.0,23.1,0
154,48,5.4,20.3,0.0,5.8,7.9,31.0,20.0,34.0,19.4,0
478,48,4.5,18.1,0.0,4.2,9.5,28.0,7.0,32.0,17.4,0
462,19,19.5,27.1,11.0,4.2,10.5,63.0,44.0,49.0,26.1,0
475,35,9.3,14.7,0.0,1.6,4.1,19.0,7.0,55.0,14.6,0
389,28,7.0,14.0,0.0,4.0,2.4,28.0,15.0,52.0,13.0,0
786,8,21.6,31.0,4.0,10.2,10.3,35.0,24.0,52.0,28.8,0
448,3,26.9,39.8,0.0,19.2,13.0,39.0,17.0,16.0,39.0,0
794,21,21.6,36.0,0.4,47.2,12.0,41.0,9.0,27.0,35.0,0
1020,39,21.3,27.6,0.0,8.6,10.3,52.0,22.0,24.0,27.1,0
635,39,25.2,30.9,0.2,7.4,11.6,31.0,20.0,70.0,30.4,0
482,18,10.0,15.5,1.6,1.6,1.3,30.0,15.0,71.0,14.5,0
951,18,21.3,24.2,0.0,13.2,11.1,56.0,31.0,68.0,21.5,0
495,20,7.2,19.8,0.0,1.8,7.9,31.0,19.0,45.0,19.6,0
493,42,5.6,14.0,1.8,0.8,2.7,35.0,15.0,66.0,13.0,0
873,19,4.4,13.9,0.0,2.0,8.2,41.0,24.0,45.0,12.8,0
1128,44,13.9,21.9,1.0,1.6,4.3,31.0,15.0,67.0,20.6,0
1383,13,25.1,33.3,0.0,5.8,10.6,33.0,19.0,60.0,32.1,0
474,31,9.8,26.5,0.0,3.6,9.7,20.0,9.0,35.0,25.5,0
566,32,10.3,28.5,0.0,5.8,9.7,41.0,15.0,29.0,27.9,0
782,39,19.7,30.5,0.0,11.6,7.1,57.0,39.0,46.0,29.4,0
595,15,7.9,19.5,0.0,3.0,11.6,33.0,19.0,98.0,19.4,0
648,8,19.6,31.5,0.0,8.0,10.9,43.0,33.0,34.0,30.6,0
363,20,6.1,17.5,0.0,2.0,9.0,17.0,7.0,51.0,17.0,0
1358,18,8.6,15.6,0.0,2.4,9.2,35.0,17.0,55.0,14.9,0
581,28,16.0,24.7,0.3,8.3,9.4,39.0,17.0,46.0,23.0,0
1282,33,6.9,16.6,3.2,3.4,5.7,35.0,15.0,70.0,15.4,0
1084,45,14.2,24.4,6.0,4.6,7.9,56.0,31.0,29.0,24.0,0
921,3,14.7,38.8,0.0,11.6,12.6,46.0,20.0,4.0,36.7,0
829,38,18.6,25.8,0.0,7.0,11.0,39.0,24.0,71.0,24.8,0
1206,38,9.4,19.7,0.0,2.0,8.3,33.0,9.0,62.0,18.4,0
548,44,10.1,15.1,0.0,11.0,6.1,56.0,15.0,48.0,13.3,0
1287,37,17.1,26.5,0.0,3.8,11.5,52.0,30.0,52.0,25.4,0
745,12,8.5,21.9,0.0,1.8,8.4,44.0,20.0,58.0,20.8,0
1372,18,5.0,14.2,0.0,2.6,5.9,46.0,28.0,50.0,13.7,0
1348,15,13.1,18.7,2.2,3.8,8.1,65.0,33.0,40.0,17.4,0
804,37,20.9,42.3,0.0,9.8,8.7,69.0,28.0,14.0,39.8,0
926,21,14.8,29.7,0.0,15.0,12.9,46.0,28.0,6.0,28.8,0
1129,8,24.2,31.8,0.0,4.8,10.9,28.0,17.0,67.0,30.5,0
1058,19,3.3,13.8,0.0,1.6,0.6,54.0,26.0,68.0,12.9,0
1320,42,8.8,26.6,0.0,10.8,12.9,43.0,20.0,23.0,24.7,0
369,31,8.5,18.3,0.0,3.2,7.4,22.0,13.0,55.0,17.5,0
1265,32,6.3,30.1,0.0,6.8,12.1,37.0,24.0,23.0,28.1,0
1120,3,14.2,31.5,0.0,2.8,5.9,35.0,15.0,18.0,29.9,0
1436,18,5.9,19.5,0.0,1.4,7.8,20.0,0.0,50.0,18.4,0
189,8,21.7,31.8,0.0,9.2,9.1,44.0,30.0,53.0,29.3,0
515,38,7.9,18.6,0.0,1.6,6.0,46.0,13.0,46.0,17.7,0
1096,28,6.9,27.4,0.0,4.8,12.0,33.0,11.0,15.0,26.8,0
161,3,14.2,21.8,0.0,12.6,8.6,52.0,30.0,33.0,21.2,0
1033,37,15.5,26.9,0.0,3.4,7.1,26.0,17.0,43.0,24.9,0
520,44,9.0,20.2,1.4,3.4,6.4,37.0,15.0,48.0,19.4,0
1122,8,23.1,33.3,0.0,9.0,10.9,37.0,28.0,49.0,31.8,0
617,33,17.6,27.4,0.0,6.0,11.3,37.0,19.0,58.0,26.1,0
861,19,7.1,16.1,0.0,3.0,9.1,69.0,35.0,51.0,14.9,0
1238,48,4.4,14.9,0.0,3.6,10.4,41.0,24.0,34.0,14.4,0
430,27,19.6,25.5,0.0,5.8,8.7,41.0,24.0,68.0,24.3,0
398,19,8.5,23.9,0.0,3.6,9.7,46.0,30.0,41.0,23.0,0
1005,31,15.7,30.9,0.0,6.0,6.1,31.0,15.0,23.0,30.0,0
333,20,6.6,17.2,0.0,3.0,7.7,33.0,20.0,48.0,16.8,0
29,9,7.2,21.2,0.0,8.4,12.6,35.0,9.0,34.0,19.3,0
286,21,19.9,32.7,0.0,11.0,9.7,30.0,11.0,34.0,29.7,0
547,15,8.7,19.9,0.2,4.0,9.7,78.0,31.0,50.0,17.3,0
1230,3,5.5,26.4,0.0,5.4,10.8,41.0,26.0,11.0,25.6,0
792,44,9.2,21.5,0.0,7.2,12.1,31.0,15.0,43.0,20.3,0
571,12,8.2,19.0,0.2,2.4,2.8,30.0,6.0,83.0,17.8,0
1053,39,14.9,27.4,0.0,4.6,9.1,30.0,13.0,54.0,26.6,0
1259,33,9.5,14.9,0.0,3.2,10.8,35.0,17.0,52.0,13.8,0
627,22,14.9,31.2,0.0,6.6,10.9,46.0,31.0,43.0,27.4,0
864,48,2.7,17.4,0.0,2.0,6.7,28.0,20.0,21.0,16.9,0
964,7,19.5,29.6,0.0,8.4,13.2,35.0,15.0,51.0,28.2,0
467,0,17.5,22.0,11.6,7.4,2.4,39.0,13.0,77.0,19.8,0
1442,44,10.5,16.8,0.0,3.2,7.2,41.0,17.0,63.0,15.5,0
1223,19,2.1,13.8,1.0,3.2,9.6,57.0,26.0,41.0,13.3,0
1390,37,10.2,19.8,0.6,4.8,10.4,59.0,28.0,42.0,17.5,0
978,20,10.2,23.3,2.2,6.6,10.5,35.0,19.0,26.0,21.7,0
5,0,8.5,16.1,3.4,1.4,7.2,28.0,9.0,44.0,15.7,0
1214,27,12.3,19.1,0.0,2.4,9.5,26.0,17.0,58.0,18.7,0
319,33,4.0,17.0,0.2,1.2,6.3,20.0,9.0,54.0,16.1,0
285,33,11.1,29.0,0.6,3.4,10.8,44.0,31.0,29.0,27.2,0
454,37,20.4,25.7,0.0,7.2,4.7,41.0,24.0,70.0,24.3,0
633,31,15.6,30.9,0.0,11.0,10.4,33.0,13.0,24.0,29.7,0
1327,15,14.3,23.1,0.0,6.4,8.6,28.0,15.0,56.0,21.7,0
647,18,12.3,26.7,0.0,4.6,7.6,35.0,19.0,41.0,24.5,0
661,35,9.6,23.5,0.8,2.2,8.3,54.0,19.0,37.0,23.0,0
960,31,14.9,27.3,0.0,9.4,13.2,41.0,22.0,45.0,24.4,0
176,27,14.4,20.5,0.0,5.4,1.6,39.0,17.0,63.0,19.0,0
1158,42,22.2,34.5,0.0,9.0,10.9,52.0,22.0,26.0,32.9,0
1069,37,9.6,20.4,0.0,4.6,6.8,41.0,13.0,36.0,18.8,0
597,20,15.0,32.0,0.0,8.8,13.0,39.0,19.0,15.0,31.4,0
1035,7,14.8,27.9,0.0,3.4,9.7,15.0,2.0,60.0,25.6,0
928,38,15.1,29.7,7.8,3.2,13.0,44.0,28.0,36.0,25.6,0
646,20,14.5,27.8,0.0,4.0,8.6,28.0,9.0,32.0,26.3,0
107,39,21.5,27.8,1.0,5.8,0.3,41.0,24.0,52.0,26.0,0
1273,8,24.8,31.2,0.0,6.2,10.9,37.0,20.0,63.0,29.6,0
197,3,21.3,39.0,0.0,14.4,12.0,46.0,22.0,14.0,38.1,0
100,8,18.8,31.4,0.0,6.2,10.6,26.0,15.0,54.0,29.7,0
372,12,6.9,12.0,7.4,2.0,1.7,35.0,11.0,84.0,10.8,0
807,11,17.0,27.6,0.0,2.0,12.1,44.0,30.0,60.0,26.4,0
222,3,14.6,37.3,0.0,12.8,13.2,44.0,13.0,3.0,36.0,0
717,39,11.5,24.7,0.0,6.0,10.1,28.0,17.0,62.0,23.4,0
191,19,12.0,18.1,0.0,8.4,8.6,35.0,22.0,44.0,16.7,0
1446,13,18.7,29.4,0.0,7.8,8.7,48.0,17.0,24.0,28.5,0
1382,15,5.7,14.9,8.0,1.2,6.1,26.0,13.0,71.0,13.6,0
375,13,20.2,33.3,0.0,4.8,11.1,39.0,17.0,49.0,30.6,0
570,33,15.4,22.8,0.0,7.4,0.6,46.0,30.0,69.0,18.7,0
666,33,5.3,14.7,2.0,1.2,2.0,20.0,13.0,68.0,13.8,0
1142,42,20.5,34.9,0.0,7.6,9.8,57.0,13.0,33.0,33.7,0
1177,39,25.3,33.7,0.0,7.0,9.1,33.0,20.0,48.0,32.5,0
505,44,-0.2,15.2,0.4,1.4,6.8,30.0,11.0,55.0,14.3,0
1257,12,1.5,18.9,0.0,1.4,8.2,31.0,19.0,70.0,16.8,0
963,44,13.1,37.6,0.0,6.4,11.6,26.0,9.0,25.0,35.5,0
299,48,11.6,23.6,0.0,5.6,10.9,31.0,7.0,29.0,22.8,0
443,11,18.9,27.0,0.8,4.0,8.7,30.0,17.0,62.0,26.3,0
835,31,18.1,28.4,0.0,6.8,10.5,35.0,15.0,44.0,27.9,0
1440,18,10.4,20.3,0.0,1.4,9.2,43.0,24.0,53.0,20.0,0
605,7,19.7,28.1,0.0,2.4,7.8,30.0,9.0,56.0,26.8,0
415,44,6.9,24.6,0.0,5.6,12.6,33.0,19.0,53.0,23.6,0
836,12,8.0,18.3,0.2,1.4,1.4,30.0,15.0,56.0,17.0,0
102,28,7.9,14.8,5.6,1.6,5.7,22.0,9.0,64.0,14.0,0
86,20,9.0,23.5,0.0,5.6,10.7,37.0,19.0,38.0,22.7,0
38,3,17.4,38.1,0.0,15.0,13.1,43.0,17.0,8.0,37.5,0
883,37,8.4,16.6,0.0,6.2,10.8,56.0,22.0,26.0,15.4,0
184,20,5.5,19.7,1.6,5.8,6.6,39.0,17.0,43.0,17.1,0
310,8,22.5,28.5,8.6,5.2,2.5,54.0,20.0,71.0,26.9,0
1043,13,17.8,30.0,0.0,6.0,11.0,37.0,15.0,33.0,28.9,0
699,45,3.2,18.7,0.0,2.8,6.9,26.0,17.0,58.0,18.4,0
105,39,19.4,29.7,0.0,7.2,5.3,44.0,33.0,52.0,27.6,0
1135,19,9.0,19.7,2.2,5.4,11.6,37.0,17.0,44.0,18.4,0
937,32,16.3,31.0,0.0,8.8,12.9,50.0,22.0,34.0,30.3,0
1413,15,12.1,19.2,0.2,6.8,8.0,31.0,20.0,43.0,18.6,0
1279,7,19.0,28.1,0.0,6.6,12.3,28.0,11.0,56.0,27.0,0
494,3,4.7,21.3,0.0,4.2,9.1,44.0,26.0,31.0,20.3,0
349,28,0.1,11.4,0.0,0.6,8.5,28.0,17.0,67.0,10.2,0
127,8,17.8,27.6,0.0,4.2,5.4,33.0,19.0,61.0,25.5,0
376,11,17.3,22.1,0.0,3.0,4.7,35.0,9.0,45.0,19.5,0
1004,8,24.1,30.4,0.0,8.0,10.2,56.0,37.0,62.0,29.0,0
819,37,18.6,27.1,0.0,7.4,11.4,39.0,24.0,52.0,26.3,0
483,0,5.3,15.3,0.0,1.6,3.2,20.0,9.0,53.0,15.2,0
758,3,6.7,30.6,0.0,7.4,11.9,37.0,20.0,14.0,28.8,0
737,13,19.4,35.7,0.0,9.0,10.5,39.0,26.0,27.0,33.9,0
177,8,16.6,31.3,0.0,10.2,10.8,33.0,22.0,47.0,29.4,0
563,44,8.5,16.7,0.2,4.0,5.8,24.0,13.0,60.0,14.7,0
325,18,7.9,17.6,0.0,1.6,5.6,33.0,24.0,54.0,17.0,0
1325,13,26.6,35.2,0.0,8.0,11.5,28.0,20.0,63.0,33.4,0
664,42,4.5,20.9,0.0,2.4,8.0,33.0,13.0,41.0,19.8,0
276,27,18.1,24.1,0.2,9.0,7.3,52.0,28.0,53.0,22.6,0
486,42,5.8,11.8,1.4,0.6,8.0,31.0,15.0,60.0,10.0,0
1167,3,16.0,33.6,0.0,13.2,11.9,43.0,15.0,16.0,32.1,0
7,7,7.5,21.5,0.0,5.0,10.3,19.0,13.0,32.0,19.8,0
680,20,5.5,22.3,0.0,3.2,9.6,50.0,24.0,14.0,22.1,0
1365,32,6.1,18.3,0.0,2.0,7.6,61.0,30.0,41.0,17.9,0
31,44,10.6,29.9,0.0,7.4,12.3,33.0,13.0,27.0,28.4,0
400,44,5.1,16.8,2.6,4.0,5.6,39.0,20.0,57.0,15.5,0
